PlotID,prefire_LCC,treeheight_mean,BA_HA,QMD,stems_ha,livecancov_loss,deadneedle,deepchar_mean,prop_killedBA,prop_killedSTEM,prop_meanbolescorch,prop_meancharht,prop_surfcharmean,TotalPlotCBI_mean
BERRYGLADE1,0.503548145,4.21,2.27383722,4.284929,1578,0.98,5.3,0,1,1,0.91,0.52,0.37,2
BERRYGLADE2,0.481795121,2.466666667,0.06173499,2.172342,167,1,6.7,2.6,1,1,1,1,0.99,3
BERRYGLADE3,0.537120852,3.89,5.69358059,3.234511,1733,1,6,0,1,1,1,1,0.81,2.7
BERRYGLADE4,0.502922582,3.255,2.21024362,2.405421,2433,1,6,0.05,1,1,1,1,0.79,2.6
BERRYGLADE5,0.48497834,3.205882353,0.38568009,3.457171,411,1,4.94,0,0.943438914,0.97297297,0.69,0.19,0.34,2.2
BERRYGLADE6,0.489563393,3.438461538,0.85207378,2.980234,611,1,5.5,0.08,1,1,1,0.71,0.73,2.4
BERRYGLADEUNB1,,,,,,0,0,0,0,0,0,0,0,0
BERRYGLADEUNB101,,,,,,0,0,0,0,0,0,0,0,0
BERRYGLADEUNB102,0.48570305,6.8645,0.45941305,3.825239,200,0,0,0,0,0,0,0,0,0
BERRYGLADEUNB103,0.515621603,7.249781,7.28211138,5.520285,1522,0,0,0,0,0,0,0,0,0
BERRYGLADEUNB104,0.491202297,7.059406,1.01873645,4.272175,356,0,0,0,0,0,0,0,0,0
BERRYGLADEUNB105,0.488439456,7.772,7.05567703,9.813815,467,0,0,0,0,0,0,0,0,0
BERRYGLADEUNB2,,,,,,0,0,0,0,0,0,0,0,0
BERRYGLADEUNB3,,,,,,0,0,0,0,0,0,0,0,0
BERRYHUCK1,0.597174382,6.87,11.91856202,6.91253,1589,1,5.9,0,1,1,1,0.68,0.47,2.5
BERRYHUCK101,0.635524515,18.045,16.6573226,11.172877,1700,1,6.15,0.05,1,1,1,1,0.86,2.2
BERRYHUCK2,0.626896683,7.325,19.01786802,5.370666,2100,1,6,0,1,1,1,0.88,0.58,2.3
BERRYHUCK3,0.629330833,6.43,15.36568694,3.380196,8566,1,6,0,1,1,1,1,0.73,2.5
BERRYHUCK4,0.66418156,8.29,30.52544515,6.517417,2289,1,6,0,1,1,1,0.82,0.53,2.5
BERRYHUCK5,0.645320575,7.425,17.33509865,5.382812,3811,1,6,0,1,1,1,1,0.3,2.4
BERRYHUCK6,0.672794713,9.32,25.95749199,10.782501,711,1,5.55,0,1,1,1,0.52,0.27,2.1
BERRYHUCK7,0.606827931,6.86,12.94253395,6.420466,2000,0,2.1,0,0.047429631,0.20555556,0.3,0.04,0.26,0.8
BERRYHUCK8,0.576440002,9.15,9.74496674,4.907263,1289,0.38,2.25,0,0.283936246,0.51724138,0.88,0.14,0.17,1.7
BERRYHUCK9,0.615732796,7.695,13.89495437,6.129905,1178,0.66,1.58,0,0.537427782,0.56603774,0.62,0.15,0.11,1.4
BERRYHUCKUNB1,,,,,,0,0,0,0,0,0,0,0,0
BERRYHUCKUNB2,,,,,,0,0,0,0,0,0,0,0,0
BERRYHUCKUNB3,,,,,,0,0,0,0,0,0,0,0,0
JOLL1,0.637443046,14.99,16.32726944,17.965981,322,1,5.6,0.5,1,1,0.99,0.53,0.45,2.138
JOLL2,0.622158487,16.4,14.58734612,33.392632,167,0.39,2.38,0.07,0.085886881,0.333333333,0.92,0.35,0.21,1.202
JOLL3,0.677911211,18.755,24.33391258,18.832967,655,0.45,2.85,0.05,0.238324022,0.796296296,0.84,0.26,0.31,1.643
JOLL4,0.764070342,27.23,31.7771603,28.144061,256,0,1.75,0,0.217024782,0.65217391,0.77,0.16,0.18,1.705
JOLL5,0.656108835,18.8,20.52568523,17.597468,422,1,5.4,0,1,1,1,0.66,0.53,2.589
JOLL6,0.583849724,9.6435,10.51807209,9.151557,800,1,5.55,0,1,1,0.89,0.36,0.42,2.533333333
JOLL7,0.536412247,8.57,5.62115649,6.540522,1255,0.95,5.95,0,1,1,0.97,0.62,0.46,2.71875
JOLL8,0.498519112,4.39,1.76261039,5.090249,433,1,6,0.1,1,1,1,0.74,0.83,2.88
JOLL9,0.78235391,32.15333333,39.41964697,37.582833,356,1,4.6,0,1,1,1,0.66,0.51,2.732
JOLLUNB1,0.572564439,11.647559,9.3420532,17.749652,378,0,0,0,0,0,0,0,0,0
JOLLUNB2,0.545345596,10.957531,6.53540156,15.302743,356,0,0,0,0,0,0,0,0,0
JOLLUNB3,0.598247664,12.513957,12.03199735,17.318014,256,0,0,0,0,0,0,0,0,0
JONE1,0.89054223,39.58125,62.23149023,54.5265,267,1,6,0,1,1,0.93,0.1,0.16,2.112
JONE10,0.886976472,24.34210526,54.29232656,48.017051,300,1,6,0,1,1,1,0.86,0.13,2.887
JONE11,0.836802557,36.33333333,58.1748686,44.959231,367,0.1,2.44,1.06,0.19492372,0.47826087,0.94,0.51,0.14,2.091
JONE2,0.66770091,20.92352941,19.77243106,27.960129,322,0.21,0.55,0.06,0.359159699,0.75,0.9,0.16,0.15,1.65625
JONE3,0.971352177,30.08888889,111.0933189,79.806289,222,1,6,0.06,1,1,1,1,0.27,2.614
JONE4,0.907803164,39.52142857,60.27385834,61.963564,200,0.74,5.14,0.07,0.815691846,0.88235294,0.91,0.17,0.08,2.323
JONE5,0.961483864,27.71111111,110.2091778,67.179692,311,0,2.33,0.22,0.096863587,0.48,0.87,0.14,0.26,1.692
JONE6,0.708267387,27.11,25.41823792,17.423895,533,0,0.55,0,0.195018822,0.65957447,0.95,0.07,0.14,1.4375
JONE7,0.945134896,35.315,91.39199433,51.183764,444,0,2.21,0,0.174201471,0.54545455,0.99,0.05,0.26,1.527
JONE8,0.828598236,29.505,42.34256982,41.640672,311,1,5.95,0.05,1,1,1,0.63,0.14,2.427
JONE9,0.775367209,21.35,36.31697277,37.256524,333,0.74,6,0,0.998719758,0.96428571,1,0.11,0.23,2.264
JONEREB1,0.933134296,49.3,72.12806764,67.783508,200,0.14,0.86,0,0.067083963,0.125,1,0.25,0.25,1.853
JONEREB2,0.939710514,34.95,71.70901138,61.134121,122,0.86,6.06,0,1,1,0.99,0.38,0.06,2.178
JONEREB3,0.967998997,42.33846154,92.81190788,59.55927,167,0.44,0,0.31,0,0,1,0.49,0.24,1.797
JONEREB4,0.818579651,36.525,44.11674188,53.011929,200,0.34,1.92,0.08,0.344490624,0.33333333,0.99,0.47,0.2,1.909
JONEREB5,0.996373804,16.395,144.6335258,46.712793,633,0.14,4.2,0.05,0.001057793,0.89473684,0.69,0.13,0.29,1.92625
JONEREB6,0.680481644,22.38,22.1831498,27.351446,378,0,0,0,0.003862001,0.09375,0.67,0.06,0.16,1.27625
JONEREB7,0.911480658,46.7,72.856017,68.1247,200,0,0,0.13,0,0,0.93,0.06,0.13,1.267
JONEREB8,0.952614727,20.69411765,80.31438942,69.619039,211,0.39,3.69,0.41,0.053001236,0.66666667,0.65,0.19,0.27,1.94625
JONEREB9,0.85101527,5.105,69.57490031,41.198889,522,0.92,5.95,0.2,1,1,0.78,0.12,0.23,2.5425
JONEREBUNB1,0.729633242,13.844,34.74502098,33.738084,389,0,0,0,0,0,0,0,0,0
JONEREBUNB2,0.66686047,19.969308,25.45663142,33.50595,144,0,0,0,0,0,0,0,0,0
JONEUNB1,,,,,,0,0,0,0,0,0,0,0,0
JONEUNB2,0.802337264,17.48,40.44405519,32.464532,489,0,0,0,0,0,0,0,0,0
JONEUNB3,0.765080828,12.434167,33.05963387,26.494778,600,0,0,0,0,0,0,0,0,0
JONEUNB4,0.8371352,19.719404,50.75379895,35.187911,522,0,0,0,0,0,0,0,0,0
JONEUNB5,0.908114254,22.300735,78.22179858,44.47984,378,0,0,0,0,0,0,0,0,0
JONEUNB6,0.943476402,22.85432,100.5207106,48.012124,278,0,0,0,0,0,0,0,0,0
LIBE1,0.628677821,13,15.82902661,16.840123,356,1,6,0,1,1,1,1,0.85,2.91
LIBEREB1,0.482206611,2.311111111,2.10989699,8.435276,378,1,6,0.06,1,1,1,0.97,0.63,2.87875
LIBEREB2,0.543870285,13.2125,7.27774849,21.531308,200,1,5.63,0.31,1,1,0.87,0.72,0.44,2.45
LIBEREB3,0.481754401,2.17,8.37181762,13.251246,456,0.99,6,0,1,1,0.64,0.56,0.42,2.09125
LIBEREB4,0.543499738,10.78571429,6.34626998,20.106254,200,0.94,5,0.2,0.409700261,0.88888889,0.97,0.62,0.47,2.514
LIBEREB5,0.518028067,12.92105263,11.86126264,14.428002,544,1,6.32,0.47,1,1,1,1,0.9,2.973
LIBEREBUNB1,0.504877428,9.279733,10.5789345,16.418098,500,0,0,0,0,0,0,0,0,0
LIBEUNB1,0.663821524,10.23248,21.28831962,15.623518,556,0,0,0,0,0,0,0,0,0
LIBEUNB2,0.612627492,8.819847,13.77802872,11.806546,944,0,0,0,0,0,0,0,0,0
LOLO1,0.640433223,16.245,17.66187964,25.559112,344,1,6.05,0.05,1,1,1,1,0.81,2.826
LOLO10,0.574208526,22.425,9.7214071,17.126985,422,0.93,4.9,0.15,1,1,1,0.24,0.26,2.152
LOLO11,0.63983605,24.62,20.3203382,18.884531,544,1,6,0.15,1,1,1,0.99,0.39,2.679
LOLO12,0.563435454,15.325,11.81966969,14.551938,533,0.97,5.95,0.3,1,1,0.86,0.51,0.28,2.275
LOLO13,0.693524357,20.91,23.06200305,23.47124,533,0.96,4.8,0.15,0.97397698,0.97777778,0.98,0.35,0.15,2.291
LOLO14,0.64934562,18.94,18.88087306,13.107924,700,0,0,0,0.168388122,0.38596491,0.55,0.02,0.25,1.02125
LOLO15,0.575072958,20.275,10.60358487,15.593712,278,1,6.05,0.2,1,1,1,1,0.9,2.965
LOLO2,0.628199448,18.23,16.10519798,20.182843,378,1,5.95,0.85,1,1,1,0.95,0.4,2.852
LOLO3,0.671260989,6.135,20.05565578,19.363252,511,0.99,4.5,0,0.95691268,0.89130435,0.91,0.31,0.14,1.70375
LOLO4,0.662717252,25.315,19.35730141,20.088578,611,0.66,4.45,0.1,0.655758324,0.75471698,0.78,0.16,0.24,1.839
LOLO5,0.663476631,23.305,21.00254987,15.072706,589,1,6,0.05,1,1,1,0.76,0.85,2.951
LOLO6,0.667977012,21.165,22.75512559,14.059206,733,1,5.15,0.3,1,1,1,0.52,0.16,2.705
LOLO7,0.626639658,23.355,16.87306786,14.196116,533,1,5.2,0.1,1,1,1,0.54,0.25,2.683
LOLO8,0.694668933,19.625,22.81489728,22.4293,289,0.23,1.9,0,0.344072855,0.48,0.98,0.51,0.14,1.609
LOLO9,0.619213998,17.705,14.29132356,14.68377,844,0.22,1.55,0,0.264825035,0.57333333,0.99,0.22,0.09,1.493333333
LOLOUNB1,0.601958288,15.578333,13.20619836,25.118369,200,0,0,0,0,0,0,0,0,0
LOLOUNB2,0.756442115,11.77325,32.78019032,15.326885,889,0,0,0,0,0,0,0,0,0
LOLOUNB3,0.702161101,13.973,24.00291414,20.420584,367,0,0,0,0,0,0,0,0,0
LOLOUNB4,0.612812171,10.440188,15.64316719,13.668941,533,0,0,0,0,0,0,0,0,0
LOLOUNB5,0.56232735,13.882824,11.78636625,19.936947,189,0,0,0,0,0,0,0,0,0
LOLOUNB6,0.650232447,14.82938,20.89500446,21.88993,556,0,0,0,0,0,0,0,0,0
MAPLE1,0.670174072,7.32,19.93058608,4.962428,2578,1,6,0,1,1,1,1,0.69,2.6
MAPLE2,0.512919905,19.2,3.22679862,21.505477,22,1,6.9,1.9,1,1,1,1,0.98,2.4
MAPLE3,0.501180094,15.15,2.4947045,15.439281,33,1,6.9,1.9,1,1,1,1,0.98,2.4
MAPLE4,0.566491799,4.96,8.71256568,3.346561,2478,1,6,0.05,1,1,1,0.95,0.84,2.5
MAPLE5,0.482903198,3.133333333,0.17451588,4.083523,33,1,6.6,0.9,1,1,1,1,0.93,3
MAPLE6,0.644639794,3.395,17.04837791,1.387818,1889,1,6,0,1,1,1,1,0.22,2.5
MAPLEUNB1,,,,,,0,0,0,0,0,0,0,0,0
MAPLEUNB2,,,,,,0,0,0,0,0,0,0,0,0
MAPLEUNB3,,,,,,0,0,0,0,0,0,0,0,0
MAPLEUNB4,0.554720596,11.7617,7.49807478,14.660643,111,0,0,0,0,0,0,0,0,0
MEYEREB1,0.553698402,13.485,10.6042393,16.084182,522,1,6.25,0.15,1,1,1,1,0.62,2.712
MEYEREB10,0.68408948,22.13684211,29.38177278,21.834328,589,1,6.21,0.11,1,1,1,1,0.72,2.887
MEYEREB11,0.683514228,22.87,21.88734538,16.002641,544,0.26,0.4,0,0.103198944,0.40425532,0.7,0.06,0.23,1.099
MEYEREB12,0.613170572,15.73,13.62009185,10.960402,722,1,6,0,1,1,1,1,0.86,2.8325
MEYEREB13,0.612225434,21.04,15.72911626,17.0555,344,1,6.25,0.75,1,1,1,1,0.85,2.81
MEYEREB14,0.53621586,16.515,5.85239004,13.288715,211,1,6,0.05,1,1,1,1,0.93,2.752
MEYEREB15,0.600811449,20.92,12.42945726,16.882985,278,1,4.95,0.2,1,1,1,0.65,0.49,2.571
MEYEREB16,0.712699146,14.3,25.00201755,14.309737,778,0.71,1.81,0,0.704428856,0.42857143,0.6,0.11,0.31,1.495
MEYEREB17,0.646945648,18.78,18.82459169,13.301206,678,0.88,4,0,0.711973376,0.8245614,0.6,0.11,0.34,1.324
MEYEREB18,0.846965918,21.005,45.39556088,17.19723,978,1,5.85,0,1,1,1,0.9,0.8,2.783
MEYEREB2,0.638093482,17.82,16.84427274,12.005545,744,1,6,0,1,1,1,1,0.7,2.719
MEYEREB3,0.585472802,12.725,10.68793421,13.837736,533,0,0.2,0,0.172372503,0.33333333,0.35,0.05,0.06,0.837
MEYEREB4,0.602995788,19.995,13.86310522,9.557929,967,0.99,5.3,0.15,1,1,0.99,0.34,0.22,2.358
MEYEREB5,0.559600225,15.275,8.00068052,11.972411,356,1,4.55,0,1,1,0.84,0.31,0.35,2.319
MEYEREB6,0.601963772,18.47,12.42553066,17.994479,244,1,5.95,0.15,1,1,1,0.98,0.8,2.811
MEYEREB7,0.631848953,18.36,17.10924601,17.15415,556,1,4.45,0.2,1,1,0.92,0.19,0.23,2.125
MEYEREB8,0.656289578,18.78,24.40779097,21.361124,511,0.02,0.4,0,0.178884469,0.5,0.69,0.04,0.06,0.861
MEYEREB9,0.603911911,13.075,12.88363484,8.084872,1255,1,6,0,1,1,1,1,0.74,2.801
MEYEREBUNB1,0.634219198,8.584562,17.20770206,8.711299,1444,0,0,0,0,0,0,0,0,0
MEYEREBUNB2,0.642951558,8.562429,18.11213061,8.404643,1633,0,0,0,0,0,0,0,0,0
MEYEREBUNB3,0.671784836,8.366,20.24951385,10.416182,1189,0,0,0,0,0,0,0,0,0
MEYEREBUNB4,0.606270737,9.055961,13.01146772,9.907167,844,0,0,0,0,0,0,0,0,0
MEYEREBUNB5,0.567736451,9.353,12.29289859,11.319805,611,0,0,0,0,0,0,0,0,0
MEYERUNB1,0.569660826,9.041566,10.69433313,10.755536,589,0,0,0,0,0,0,0,0,0
MILL1,0.798564115,19.215,38.22639464,13.628053,1311,1,6,0.1,1,1,1,0.76,0.96,3
MILL10,0.823929568,15.945,42.19750349,18.861754,755,1,6.05,0.2,1,1,1,0.83,0.95,2.975
MILL11,0.752465666,13.73,32.31917753,17.195112,1044,0.97,5.35,0,0.598765908,0.98924731,1,0.64,0.4,2.433
MILL12,0.626352427,11.88333333,16.47997084,18.882019,589,1,5.94,0,1,1,1,0.82,0.52,2.79625
MILL13,0.89524054,24.35,65.24145287,30.968677,433,1,5.85,0.15,1,1,1,0.73,0.27,2.754
MILL14,0.88857993,23.805,57.77806312,27.131161,1000,0.86,2.55,0.25,0.560913918,0.90361446,1,0.21,0.06,2.157
MILL15,0.568717847,10.52,8.94306627,21.589373,122,0.38,1.8,0,0.3373012,0.36363636,0.99,0.25,0.13,1.1575
MILL16,0.767338076,18.135,33.24527514,19.524194,556,0.74,4.15,0,0.673865974,0.91836735,1,0.6,0.09,2.301
MILL17,0.662417872,11.81,20.11731807,12.835984,778,0.95,5.55,0,1,1,1,0.64,0.41,2.84125
MILL18,0.758861452,16.675,35.06329432,25.261796,700,1,5.15,0,1,1,1,0.7,0.23,2.653
MILL19,0.910685144,20.42,60.92393,29.187384,456,1,5.35,0.05,1,1,1,0.82,0.3,2.57
MILL2,0.696479292,14.335,27.76067732,14.284363,867,1,5.95,0.05,1,1,0.92,0.7,0.8,2.581
MILL20,0.551826746,8.79,20.85770169,13.46029,733,1,6.3,0.45,1,1,1,0.67,0.64,2.93125
MILL21,0.77874576,30.27777778,33.89272905,33.321718,389,1,5.5,0.06,1,1,1,0.78,0.24,2.657
MILL22,0.827110717,24.65,42.11373587,21.652169,1144,0,0.7,0,0.052924033,0.41237113,0.96,0.05,0.12,1.15625
MILL23,0.680274443,14.94210526,21.10115134,35.684895,211,0.4,2.42,0,0.000134395,0.36842105,0.98,0.32,0.2,1.50875
MILL24,0.713613993,20.51,25.11567102,21.048631,722,0.15,2.3,0,0.039215516,0.61538462,0.95,0.12,0.09,1.54
MILL25,0.686324355,17.965,21.81164912,22.591983,544,0.2,2.95,0,0.085301089,0.57142857,0.98,0.26,0.03,1.7825
MILL26,0.637677102,14.075,16.27927758,22.460781,411,0.99,5.5,0,1,1,1,0.84,0.25,2.5875
MILL27,0.847788264,22.995,45.55715233,23.087313,1089,0.03,1.85,0,0.057091827,0.63265306,0.88,0.12,0.04,1.704
MILL28,0.773903152,22.675,33.18397644,27.86598,544,0.23,3.1,0,0.160637396,0.59183673,1,0.52,0.01,2.261
MILL29,0.724165134,23.21,26.44264614,12.767449,1033,0.3,2.65,0,0.062994984,0.88172043,1,0.21,0.01,1.90625
MILL3,0.763952721,18.95,38.94103717,19.619273,644,0.63,3.15,0,0.652499416,0.81632653,0.87,0.23,0.1,1.356
MILL30,0.671224367,14.525,21.81404871,18.384864,411,1,6.4,0.5,1,1,1,1,0.97,3
MILL31,0.608614395,17.16470588,17.85864629,22.080442,467,1,6.24,0.94,1,1,1,1,0.95,2.982
MILL32,0.660888242,14.47222222,34.11065576,24.343399,733,1,6.72,0.61,1,1,1,1,0.91,2.995
MILL33,0.576138178,13.475,18.04995932,20.764699,533,1,6.15,0.45,1,1,1,0.93,0.96,3
MILL34,0.638018152,11.125,18.8368078,14.845634,544,1,6.1,0,1,1,1,0.84,0.78,3
MILL35,0.711523627,15.185,26.6516289,16.518135,1244,1,5.75,0.4,1,1,0.99,0.73,0.5,2.54375
MILL36,0.601055725,14.685,15.76838233,14.333768,733,1,5.65,0.45,1,1,1,0.6,0.78,2.8
MILL4,0.79998166,21.95,41.8931187,21.63041,855,0.75,3.75,0,0.509902581,0.80645161,0.86,0.13,0.13,1.419
MILL5,0.676179463,17.35,23.4366101,16.074552,578,1,5.6,0.3,1,1,1,0.58,0.27,2.688
MILL6,0.550985929,14.235,7.60452947,13.767827,256,1,6,0.55,1,1,1,0.83,0.93,2.975
MILL7,0.671983811,12.805,25.70309438,17.8981,767,1,6.4,0.2,1,1,1,0.96,0.99,3
MILL8,0.643664578,13.48,22.63994511,17.175306,733,1,6.05,0.7,1,1,1,0.83,0.23,2.868
MILL9,0.746465846,14.855,34.90841147,25.272889,522,1,6,0.15,1,1,1,0.85,0.91,2.841
MILLREB1,0.547362477,6.65,21.67552673,24.620737,456,1,6.9,0,1,1,1,0.95,0.08,2.98125
MILLREB10,0.782797916,24.80714286,55.71637614,31.594362,356,1,4.93,0.64,1,1,1,0.69,0.12,2.583
MILLREB11,0.689576754,14.54,22.19667478,23.781861,500,0,0,0,0.006181697,0.04444444,0.92,0.14,0.07,0.635
MILLREB12,0.597504722,9.26,12.06690052,16.311892,578,1,6,0,1,1,1,0.9,0.14,2.46
MILLREB13,0.680425651,13.78666667,23.02213489,30.704493,311,1,6,0.33,1,1,1,0.75,0.11,2.84
MILLREB14,0.731973763,16.4,27.44502172,36.210482,267,0.39,3.75,0.38,0.004840594,0.625,1,0.58,0.12,1.908333333
MILLREB15,0.706467449,15.06470588,24.90407051,24.915201,511,0.35,2.41,0,0.014204827,0.79545455,0.71,0.11,0.25,1.55
MILLREB2,0.645937244,11.67,17.19243192,18.762158,311,0.18,2.6,0,0.338019591,0.46428571,0.8,0.24,0.02,1.44125
MILLREB3,0.551931474,8.62,7.21128702,17.184445,233,0.39,2.3,0,0.066188037,0.28571429,0.95,0.27,0.04,1.3775
MILLREB4,0.79186039,17.915,41.455811,25.694171,400,1,5.9,0,1,1,1,0.86,0.06,2.765
MILLREB5,0.697240879,20.82,34.30807685,29.900606,489,0.98,4.35,0.05,1,1,1,0.29,0.07,2.645
MILLREB6,0.810864499,20.91666667,40.70866489,34.160292,444,0.36,1.33,0,0.105775754,0.47368421,0.62,0.08,0.01,0.304
MILLREB7,0.804299262,19.79,41.61214814,27.304122,533,0.12,2.95,0,0.460214539,0.7826087,0.86,0.22,0.06,1.803
MILLREB8,0.526922702,9.87,8.59359822,8.6399,733,1,6.3,0,1,1,1,0.91,0.18,2.95
MILLREB9,0.633294731,13.825,16.26008083,18.755626,589,0,0.3,0,0.092458093,0.57692308,0.7,0.1,0.05,1.2375
MILLREBUNB1,0.545631484,8.921211,6.56470568,9.951968,633,0,0,0,0,0,0,0,0,0
MILLREBUNB2,0.486204808,6.308389,0.52311135,2.35664,600,0,0,0,0,0,0,0,0,0
MILLREBUNB3,0.60540777,12.101226,13.25840769,16.936197,589,0,0,0,0,0,0,0,0,0
MILLREBUNB4,0.651036335,12.64412,22.55879523,22.744746,278,0,0,0,0,0,0,0,0,0
MILLREBUNB5,0.631113183,17.211375,16.7716305,28.30676,267,0,0,0,0,0,0,0,0,0
MILLREBUNB6,0.602171482,14.568,12.44756329,20.796648,367,0,0,0,0,0,0,0,0,0
MILLUNB1,0.534738334,7.481226,5.45013093,7.678187,589,0,0,0,0,0,0,0,0,0
MILLUNB2,0.575089738,8.5739,14.03107675,14.181059,667,0,0,0,0,0,0,0,0,0
MILLUNB3,0.579304456,12.701692,10.04338889,18.226037,289,0,0,0,0,0,0,0,0,0
MILLUNB4,0.658541169,19.52,18.60470168,39.035116,156,0,0,0,0,0,0,0,0,0
MILLUNB6,0.540981325,8.294923,9.39288095,9.10198,722,0,0,0,0,0,0,0,0,0
MILLUNB7,0.617605669,10.957707,14.09630206,19.854951,456,0,0,0,0,0,0,0,0,0
MILLUNB8,0.821174491,31.750308,40.65151094,59.879038,144,0,0,0,0,0,0,0,0,0
MILLUNB9,0.731422063,10.823938,27.37360328,25.841945,522,0,0,0,0,0,0,0,0,0
NORS1,0.849713316,25.405,50.10612689,19.068873,878,0,0,0.15,0.234545506,0.64935065,0.94,0.08,0.13,1.513
NORS10,0.756835684,23.87,34.81962652,35.321994,356,0.96,5.55,0.45,1,1,1,0.82,0.49,2.444
NORS11,0.870887576,29.26,61.99414863,30.993287,822,0.41,3.41,0.15,0.659071146,0.91044776,1,0.2,0.5,1.482
NORS12,0.879351893,31.25,60.15562384,31.848707,755,1,6,0.1,1,1,1,0.86,0.84,2.867
NORS13,0.80806183,21.58,61.96971641,16.926691,1378,0.98,4.63,0.25,0.959144764,0.99173554,0.92,0.09,0.24,2.1705
NORS14,0.674873708,10.8,20.47289417,10.473477,1189,1,5.1,0,1,1,1,0.58,0.63,2.06875
NORS15,0.907602524,30.75,60.82118377,26.676112,1089,0.1,0.39,0,0.044752559,0.57894737,0.9,0.02,0.23,1.494
NORS16,0.854719384,30.175,53.25679295,45.11646,333,1,5.9,0.15,1,1,1,0.76,0.58,2.659
NORS17,0.792600755,21.34,39.04705556,21.902006,778,1,6,0,1,1,1,0.97,0.9,2.94
NORS18,0.82036086,29.625,51.70120202,25.202294,778,1,5.95,0,1,1,1,1,0.98,2.984
NORS19,0.895781894,21.155,68.4804676,26.717459,611,1,6,0.05,1,1,1,0.99,1,2.984
NORS2,0.817726556,28.505,40.85896669,21.224387,578,1,6,0,1,1,1,0.98,0.99,2.987
NORS20,0.763398118,17.62,47.87428693,27.805463,789,1,6.1,0.15,1,1,1,1,0.98,2.992
NORS21,0.915929173,29.58,64.88762192,32.601685,389,1,6,0.2,1,1,1,1,0.98,2.986666667
NORS22,0.817520052,21.385,45.20484839,17.427147,1422,1,6,0.1,1,1,1,1,0.99,2.945
NORS23,0.864484999,23.965,60.72999923,45.935961,367,1,6,0.7,1,1,1,1,1,2.992
NORS24,0.888223653,25.685,62.01996826,29.629983,900,1,6,0,1,1,1,1,0.99,2.992
NORS3,0.892886971,34.425,57.61445448,33.18167,667,0,0,0.05,0.153534027,0.4,0.85,0.05,0.16,0.917
NORS4,0.781142236,26.15,42.33057184,19.67895,1044,1,5.85,0,1,1,1,0.51,0.34,2.72625
NORS5,0.859196249,32.97,49.47379767,31.09568,489,1,5.95,0,1,1,1,0.87,0.85,2.923
NORS6,0.878790704,32.71,55.37694275,28.172646,889,1,6,0,1,1,1,0.43,0.67,2.709
NORS7,0.944382737,31.41,78.10283694,35.025159,811,0.36,2.75,0,0.349356505,0.58823529,0.96,0.15,0.07,1.893
NORS8,0.801805809,29.695,37.43147481,23.764015,422,1,6,0.1,1,1,1,0.77,0.64,2.678
NORS9,0.972543043,34.045,95.36376634,47.23912,544,0.05,0.85,0,0.132882294,0.36170213,1,0.38,0.16,2.1025
NORSUNB1,0.752671325,10.6837,30.38735946,19.675844,1000,0,0,0,0,0,0,0,0,0
NORSUNB10,0.945206959,14.0255,78.98065181,32.079468,489,0,0,0,0,0,0,0,0,0
NORSUNB11,0.938347766,18.005356,84.78526813,40.592176,655,0,0,0,0,0,0,0,0,0
NORSUNB2,0.889002452,17.122,74.15899619,36.738362,700,0,0,0,0,0,0,0,0,0
NORSUNB3,0.738422358,8.907026,28.83831288,12.042749,1267,0,0,0,0,0,0,0,0,0
NORSUNB4,0.956440958,14.153438,88.43383701,36.05538,867,0,0,0,0,0,0,0,0,0
NORSUNB5,0.950956922,9.847586,93.90874019,21.543544,644,0,0,0,0,0,0,0,0,0
NORSUNB6,0.76408891,8.5403,47.52983621,15.739102,1222,0,0,0,0,0,0,0,0,0
NORSUNB7,0.927618404,11.432,79.89097027,25.309815,1589,0,0,0,0,0,0,0,0,0
NORSUNB8,0.697393066,9.068726,23.13120731,11.814912,1055,0,0,0,0,0,0,0,0,0
NORSUNB9,0.931254412,12.457365,75.84416516,28.916955,578,0,0,0,0,0,0,0,0,0
PION1,0.786372534,21.535,37.33287334,27.166886,322,0.22,1.68,0.15,0.24284202,0.37037037,0.59,0.05,0.2,1
PION10,0.766859601,20.01875,32.17200248,39.20501,133,0.01,1.53,0.06,0.028831028,0.33333333,0.77,0.08,0.27,1.3
PION11,0.625876191,14.625,15.45163602,10.149185,478,0.99,5.3,0,1,1,1,0.46,0.61,2.6
PION2,0.612918075,12.72,13.59304189,22.069449,178,1,5.7,0.3,1,1,0.98,0.42,0.3,2.1
PION3,0.680699967,20.01,26.35669707,26.824337,233,1,6.35,1,1,1,1,0.99,0.77,2.8
PION4,0.655779509,17.94444444,18.29319083,48.276038,100,0.88,4.44,0,0.257268239,0.66666667,0.98,0.56,0.17,1.7
PION5,0.647662899,19.685,17.5955636,12.091222,767,0.97,5.2,0.25,1,1,0.76,0.31,0.29,2
PION6,0.694127928,15.41052632,22.73920102,33.669125,256,0,0.32,0,0.013689694,0.13043478,0.61,0.03,0.19,1
PION7,0.74044667,17.205,28.553852,23.359571,333,0.58,3.8,0,0.546289364,0.86666667,0.9,0.39,0.23,1.9
PION8,0.704249996,23.97272727,26.99978808,53.050805,122,0.98,6,0.18,1,1,1,0.93,0.59,2.9
PION9,0.618726103,17.16,17.44547994,16.223435,211,0.9,5.55,0.2,1,1,0.83,0.57,0.49,2
PIONREBUNB1,,,,,,0,0,0,0,0,0,0,0,0
PIONUNB1,,,,,,0,0,0,0,0,0,0,0,0
PIONUNB2,0.612463835,19.324063,13.54439559,31.155015,178,0,0,0,0,0,0,0,0,0
PIONUNB3,0.649294801,21.533,17.56633219,36.644016,167,0,0,0,0,0,0,0,0,0
RAIL1,0.682078979,8.68,21.31231556,28.540583,167,0.61,3.45,0,0.067759831,0.33333333,0.87,0.38,0.11,1.6
RAIL10,0.670970481,16.505,20.02220691,22.340104,256,0.96,5.55,0.2,1,1,1,0.37,0.24,2.2
RAIL11,0.624888784,15.44285714,14.88293239,34.913097,156,0,1.5,0,0.003004764,0.14285714,0.84,0.09,0.22,1.1
RAIL12,0.784102756,21.1,34.68983034,23.504065,400,1,6.1,0.2,1,1,1,0.91,0.93,2.9
RAIL2,0.546543569,12.26153846,11.77022353,24.223482,256,0.99,6.38,0.69,1,1,1,1,0.28,2.6
RAIL3,0.698515013,19.485,23.26645712,20.416594,178,1,6.05,0.1,1,1,1,0.99,0.2,2.8
RAIL4,0.715922268,20.7,25.40340407,20.69663,189,1,5.25,0.05,1,1,0.99,0.68,0.14,2.2
RAIL5,0.637530329,15.63,16.26313486,11.624405,767,0,0.5,0.15,0.072244876,0.56521739,0.52,0.07,0.15,1.2
RAIL6,0.690637806,20.62,22.3227625,26.664341,200,0,1.45,0.05,0.058653376,0.44444444,0.65,0.11,0.19,1.3
RAIL7,0.660480285,15.845,18.8241554,18.364365,356,1,6,0,1,1,1,1,0.3,2.8
RAIL8,0.647372943,15.71052632,17.35211395,30.780431,233,1,4.95,0,1,1,1,0.66,0.23,2.1
RAIL9,0.695371257,19.34210526,22.88819395,24.997079,233,0,1.68,0,0.005127619,0.0952381,0.99,0.12,0.18,1.3
RAILREB1,0.515572294,5.852941176,3.76976115,15.496328,200,0.69,3.12,0.06,0.207998004,0.1875,0.76,0.26,0.09,1.1
RAILREB2,0.532187542,6.72,5.18966598,15.746072,267,0.28,2.05,0,0.072173182,0.08333333,0.62,0.14,0.07,0.8
RAILREB3,0.511585921,4.345,3.09111252,8.975098,244,1,5.2,0,1,1,0.98,0.59,0.24,1.8
RAILREB4,0.522568541,6.66875,4.20888674,16.374027,200,0.54,1.81,0.06,0,0,0.64,0.17,0.06,1
RAILREB5,0.579622403,9.775,10.07654691,16.995503,111,0.74,2.75,0,0.288794597,0.4,0.93,0.35,0.1,1.6
RAILREBUNB1,0.574456153,8.753369,10.66204769,9.697433,722,0,0,0,0,0,0,0,0,0
RAILREBUNB2,0.658923246,31.389,18.64789436,59.6963,67,0,0,0,0,0,0,0,0,0
RAILUNB1,0.601291034,25.856,12.35419729,44.984862,78,0,0,0,0,0,0,0,0,0
RAILUNB2,0.548057816,7.871767,7.3789677,9.918745,478,0,0,0,0,0,0,0,0,0
RAILUNB3,0.683688749,17.50975,21.501229,32.050452,267,0,0,0,0,0,0,0,0,0
RAILUNB4,0.539058072,14.9418,5.89165611,21.221751,167,0,0,0,0,0,0,0,0,0
REBE1,0.893402259,36.485,55.94150162,35.121538,578,0,0,0,0.000522535,0.28846154,0.87,0.03,0.07,0.772
REBE2,0.609374756,30.46,13.21412429,14.81845,767,0,0,0,0.019001238,0.57971014,0.69,0.11,0.1,1.168
REBE3,0.857114913,30.045,47.44214198,17.580611,489,0,0.84,0.05,0.098859665,0.70454545,0.81,0.03,0.08,1.189
REBE4,0.880502776,46.62,56.52787498,39.283921,233,0,0,0,0.062168655,0.36842105,1,0.04,0.14,1.28
REBE5,0.971752872,43.075,91.87148543,56.499102,367,0,0.7,0,0.00272477,0.25,0.73,0.03,0.08,0.894
REBEUNB1,0.867385737,16.034549,50.82731376,28.650193,789,0,0,0,0,0,0,0,0,0
REBEUNB2,0.802603949,16.191125,37.55930769,25.940416,178,0,0,0,0,0,0,0,0,0
REBEUNB3,0.838670642,10.101897,44.42170838,19.352466,755,0,0,0,0,0,0,0,0,0
RICE1,0.549542956,11.34,10.33411491,11.603886,489,1,6,0.5,1,1,1,1,0.84,2.7725
RICE10,0.522966862,8.705,4.24946168,11.971144,189,0.26,2.35,0,0.326796715,0.52941176,0.93,0.18,0.09,1.049
RICE11,0.542362245,11.605,6.22978063,11.720411,289,0.56,2,0,0.225435955,0.61538462,0.84,0.23,0.15,1.2525
RICE12,0.644837114,17.335,17.0702708,12.270342,722,0.72,6,0,1,1,1,0.95,0.24,2.874
RICE13,0.494613672,4.025,1.36558676,4.218193,244,1,4.05,0,1,1,0.63,0.14,0.19,1.066666667
RICE14,0.63132299,11.91052632,15.58295921,20.625689,233,0.37,0.37,0,0.000699947,0.04761905,0.66,0.06,0.12,0.789
RICE15,0.563476274,11.185,8.40075817,9.814482,556,1,5.6,0,1,1,1,0.68,0.23,2.452
RICE16,0.537573257,10.25,5.73982729,8.032625,567,0.95,4.8,0,0.501292186,0.98039216,0.99,0.19,0.18,1.981
RICE17,0.562158333,10.4,8.33836875,8.20549,789,1,5.2,0,1,1,0.99,0.75,0.22,2.244
RICE18,0.564987423,10.26,8.55694989,12.381625,356,0.25,2.8,0,0.364554122,0.4375,1,0.19,0.06,1.6625
RICE19,0.569113623,12.195,8.99498474,9.429298,644,0.14,0.65,0,0.278651904,0.63157895,0.9,0.16,0.07,1.036
RICE2,0.685797448,23.605,22.12076037,18.149422,855,0.64,4.7,0,0.70072817,0.94520548,0.98,0.5,0.27,2.146
RICE20,0.574879969,13.57,9.58266697,12.711502,567,0.13,0.5,0,0.158592849,0.41176471,1,0.16,0.04,1.029
RICE21,0.555521909,17.36,7.58053354,15.538417,200,1,6,0,1,1,1,0.95,0.39,2.58
RICE3,0.58793166,15.795,10.9918827,13.050535,411,1,5.9,0,1,1,1,0.89,0.45,2.916666667
RICE4,0.593977967,15.44,11.69300025,9.856701,767,1,6,0.15,1,1,0.99,0.99,0.77,2.841
RICE5,0.538482147,7.405,5.832757,8.620329,500,0.71,2.3,0,0.170618595,0.44444444,0.82,0.08,0.24,1.16
RICE6,0.607122803,16.62,12.97394681,10.61591,733,1,6,0,1,1,1,1,0.44,2.8325
RICE7,0.551875318,12.795,7.20551635,9.089515,556,1,6,0,1,1,1,1,0.43,2.865
RICE8,0.789059544,26.59,36.00568007,29.958132,256,0,0.84,0.1,0.382243232,0.54545455,0.98,0.18,0.23,1.915
RICE9,0.676927063,17.69,20.71110835,20.9707,300,0,2.45,0,0.419961661,0.77777778,0.96,0.29,0.13,1.54
RICEUNB1,0.718693297,16.757209,27.46989024,27.064648,478,0,0,0,0,0,0,0,0,0
RICEUNB2,0.504764648,7.908298,2.39750788,7.995653,478,0,0,0,0,0,0,0,0,0
RICEUNB3,0.619333405,16.664889,20.22617235,29.307793,300,0,0,0,0,0,0,0,0,0
RICEUNB4,0.7013994,13.746375,25.23892286,24.554038,267,0,0,0,0,0,0,0,0,0
RICEUNB5,0.699760848,18.149968,24.55482061,30.136699,344,0,0,0,0,0,0,0,0,0
RICEUNB6,0.68310929,9.693021,21.97460332,16.372113,522,0,0,0,0,0,0,0,0,0
ROCK1,0.700150243,19.815,23.46409636,15.498906,622,0.9,4.1,0.2,0.70119559,0.91071429,0.98,0.28,0.09,2.2
ROCK2,0.895797343,16.75263158,56.58705331,37.556729,256,0.26,1.95,0,0,0,0.93,0.08,0.15,1.3
ROCK3,0.52800528,9.323529412,4.76297465,16.52465,111,0.66,3.53,0,0.024274068,0.2,1,0.48,0.13,1.9
ROCK4,0.573438128,10.90833333,9.43280146,30.021879,133,0.68,3.67,0,0.295691589,0.5,0.99,0.41,0.08,1.6
ROCK5,0.512922049,8.28125,3.22701677,15.207183,178,0.88,5.19,0,1,1,1,0.6,0.23,2.5
ROCK6,0.514686825,5.61,3.40654998,10.564076,389,0.51,3,0,0.131019467,0.62857143,0.91,0.12,0.14,1.2
ROCK7,0.820195508,20.61111111,40.48244868,21.126369,289,0.61,3.39,0,0.182936053,0.72,1,0.34,0.16,1.8
ROCKUNB1,0.833072703,12.5912,47.5769555,22.269482,611,0,0,0,0,0,0,0,0,0
ROCKUNB2,0.645627006,13.36,17.85602855,22.078824,233,0,0,0,0,0,0,0,0,0
ROCKUNB3,0.637934885,13.869235,20.00039243,25.970956,189,0,0,0,0,0,0,0,0,0
ROCKUNB4,0.563982937,10.87235,8.6961263,15.788507,444,0,0,0,0,0,0,0,0,0
